Danh mục,Total Return,Volatility (Năm),Sharpe Ratio,Max Drawdown
Q1,-0.45819686688853256,0.3306371412392753,-0.07216455462452216,-0.7113502252880932
Q2,-0.5013743388723149,0.3651039192958538,-0.07157721337096837,-0.7256207960705545
Q3,-0.2501737626103172,0.3963845105091449,0.1424152527437873,-0.6651194055539701
Q4,0.1775456154777839,0.4560051381625453,0.34971263793380847,-0.6553172857233919
MKT,,0.23041955254168758,0.7144945492071668,-0.31229528724624817
